1|4.143
2|3.699
3|3.875
4|3.938
5|3.171
6|3.929
7|4.333
8|3.883
9|3.762
10|4.106
11|3.248
12|4.111
13|3.407
14|3.474
15|3.300
16|2.741
17|4.125
18|3.712
19|3.635
20|4.000
21|3.235
22|3.038
23|3.300
24|3.944
25|3.672
26|2.940
27|4.218
28|3.765
29|3.523
30|3.471
31|3.726
32|3.605
33|3.494
34|3.954
35|3.576
36|4.211
37|3.571
38|3.582
39|3.633
40|3.421
41|3.316
42|3.750
43|4.000
44|3.688
45|2.966
46|4.375
47|3.941
48|3.059
49|3.733
50|3.206
51|3.903
52|3.556
53|4.230
54|3.968
55|4.105
56|3.962
57|2.667
58|3.908
59|3.476
60|3.382
61|2.714
62|3.555
63|3.359
64|4.238
65|4.438
66|3.950
67|4.353
68|3.772
69|4.176
70|3.651
71|3.739
72|3.676
73|3.355
74|4.000
75|4.043
76|4.203
77|2.871
78|3.622
79|3.750
80|3.789
81|4.368
82|4.053
83|3.468
84|3.708
85|3.000
86|4.316
87|2.787
88|4.130
89|3.562
90|3.480
91|4.743
92|2.700
93|2.817
94|3.875
95|3.633
96|3.562
97|4.512
98|3.667
99|3.271
100|3.017
101|4.714
102|3.133
103|4.044
104|3.306
105|4.292
106|4.027
107|3.760
108|3.207
109|4.000
110|3.302
111|3.767
112|4.213
113|3.481
114|3.654
115|3.900
116|3.765
117|3.293
118|3.777
119|3.602
120|3.720
121|4.439
122|2.800
123|3.370
124|4.222
125|4.036
126|4.125
127|3.863
128|4.235
129|4.000
130|4.346
131|3.387
132|4.000
133|3.756
134|2.671
135|3.527
136|3.063
137|3.619
138|4.490
139|3.841
140|3.930
141|3.722
142|3.378
143|3.611
144|3.600
145|3.065
146|3.756
147|3.470
148|3.719
149|3.879
150|3.989
151|3.625
152|4.000
153|4.100
154|2.943
155|2.974
156|4.246
157|3.698
158|3.941
159|3.750
160|3.533
161|4.481
162|4.047
163|2.148
164|4.250
165|3.908
166|3.648
167|2.913
168|3.900
169|3.533
170|3.913
171|4.000
172|3.778
173|3.991
174|3.623
175|3.972
176|3.613
177|4.171
178|3.846
179|2.598
180|3.574
181|3.504
182|3.803
183|4.112
184|4.119
185|3.500
186|4.155
187|4.063
188|3.214
189|3.875
190|3.656
191|3.435
192|3.033
193|3.674
194|4.085
195|3.855
196|4.000
197|3.882
198|3.733
199|3.162
200|3.250
201|4.014
202|3.260
203|2.218
204|3.545
205|4.033
206|2.870
207|3.611
208|3.585
209|3.263
210|4.046
211|3.630
212|3.805
213|4.294
214|3.144
215|4.593
216|3.246
217|3.800
218|3.059
219|3.321
220|4.160
221|3.217
222|4.143
223|3.426
224|3.436
225|3.389
226|3.375
227|3.273
228|3.875
229|3.385
230|4.049
231|4.156
232|3.535
233|4.690
234|4.174
235|4.051
236|3.714
237|3.394
238|3.748
239|4.089
240|3.246
241|3.889
242|3.211
243|3.692
244|3.985
245|2.612
246|3.957
247|4.000
248|4.185
249|3.874
250|3.800
251|3.517
252|4.000
253|4.000
254|3.722
255|4.015
256|3.813
257|4.405
258|3.757
259|3.964
260|3.276
261|3.576
262|3.321
263|3.658
264|2.752
265|4.282
266|4.462
267|3.317
268|3.337
269|3.957
270|4.200
271|3.936
272|3.579
273|3.779
274|4.195
275|4.211
276|3.333
277|3.706
278|3.962
279|2.784
280|3.897
281|3.773
282|3.609
283|5.000
284|2.960
285|4.144
286|3.794
287|3.707
288|4.591
289|3.847
290|3.269
291|4.123
292|3.781
293|3.241
294|3.564
295|3.605
296|3.584
297|3.986
298|3.905
299|4.120
300|4.191
301|3.768
302|2.830
303|3.737
304|3.619
305|2.456
306|3.942
307|4.614
308|3.371
309|4.041
310|3.410
311|4.133
312|3.778
313|3.950
314|3.705
315|3.824
316|4.049
317|3.625
318|3.938
319|3.220
320|4.188
321|3.243
322|4.387
323|3.702
324|3.383
325|4.059
326|3.330
327|3.617
328|3.000
329|2.717
330|3.950
331|3.730
332|4.302
333|3.431
334|4.000
335|2.500
336|4.282
337|3.589
338|3.633
339|4.061
340|3.500
341|4.333
342|3.765
343|4.059
344|2.901
345|4.316
346|4.314
347|3.911
348|3.709
349|3.192
350|3.863
351|3.707
352|3.430
353|3.947
354|3.500
355|3.400
356|4.562
357|3.239
358|3.807
359|3.821
360|3.604
361|3.400
362|3.349
363|3.559
364|3.136
365|3.405
366|4.000
367|4.273
368|3.722
369|3.188
370|3.787
371|3.323
372|4.560
373|3.619
374|4.341
375|3.975
376|4.086
377|3.898
378|3.484
379|4.255
380|3.700
381|3.926
382|3.955
383|3.812
384|3.647
385|3.963
386|3.242
387|3.667
388|3.787
389|3.569
390|3.667
391|3.688
392|3.416
393|3.576
394|3.400
395|3.611
396|3.587
397|3.778
398|3.760
399|4.200
400|4.000
401|3.806
402|3.555
403|3.771
404|4.103
405|3.872
406|3.265
407|3.560
408|4.306
409|3.890
410|3.921
411|3.256
412|4.400
413|4.354
414|3.067
415|3.852
416|3.694
417|4.000
418|3.500
419|3.988
420|4.333
421|4.267
422|3.324
423|2.608
424|3.737
425|3.669
426|3.681
427|4.238
428|3.949
429|3.322
430|4.000
431|3.567
432|3.052
433|3.250
434|3.853
435|3.800
436|3.811
437|4.268
438|3.528
439|3.877
440|3.478
441|4.027
442|3.822
443|3.889
444|4.000
445|3.263
446|4.850
447|4.862
448|3.222
449|3.721
450|4.200
451|4.485
452|4.457
453|3.590
454|3.179
455|4.158
456|3.448
457|3.646
458|3.559
459|3.720
460|3.432
461|3.218
462|3.511
463|3.010
464|3.538
465|3.517
466|4.157
467|3.345
468|3.750
469|4.410
470|3.852
471|3.542
472|3.914
473|4.154
474|3.366
475|3.782
476|3.837
477|3.548
478|3.833
479|3.865
480|3.341
481|3.703
482|3.244
483|2.870
484|3.630
485|4.029
486|4.000
487|3.231
488|3.368
489|3.211
490|3.803
491|3.737
492|3.880
493|3.825
494|4.171
495|3.800
496|4.253
497|3.526
498|3.657
499|3.994
500|3.625
501|3.528
502|4.053
503|4.304
504|3.895
505|4.198
506|3.352
507|3.788
508|3.202
509|3.320
510|3.835
511|3.714
512|3.793
513|3.097
514|4.190
515|3.667
516|2.957
517|3.947
518|4.351
519|3.429
520|3.888
521|4.469
522|3.783
523|4.025
524|3.581
525|3.935
526|3.804
527|4.000
528|3.335
529|4.124
530|3.952
531|3.134
532|3.765
533|3.294
534|3.829
535|3.688
536|3.880
537|4.282
538|4.474
539|3.933
540|3.226
541|3.199
542|3.741
543|4.062
544|3.844
545|3.348
546|3.337
547|3.839
548|3.043
549|3.720
550|3.572
551|3.819
552|3.766
553|4.118
554|3.471
555|3.867
556|3.562
557|3.804
558|3.651
559|3.125
560|3.890
561|3.571
562|3.655
563|2.638
564|3.846
565|3.526
566|2.597
567|4.544
568|4.368
569|3.535
570|3.270
571|3.672
572|2.733
573|3.929
574|4.062
575|3.631
576|3.578
577|4.476
578|3.818
579|3.818
580|3.278
581|3.737
582|4.177
583|4.029
584|4.267
585|3.458
586|4.370
587|3.003
588|4.080
589|3.905
590|4.167
591|3.187
592|4.278
593|3.631
594|4.339
595|3.962
596|2.939
597|4.467
598|3.267
599|3.857
600|3.833
601|3.131
602|3.276
603|3.500
604|3.017
605|3.990
606|3.962
607|4.263
608|3.170
609|4.390
610|3.370
611|3.933
612|3.513
613|3.560
614|3.698
615|4.173
616|3.971
617|4.111
618|3.143
619|3.706
620|3.308
621|3.037
622|3.889
623|4.204
624|3.623
625|4.029
626|3.982
627|3.360
628|3.976
629|3.429
630|4.234
631|3.719
632|3.667
633|3.618
634|4.000
635|4.333
636|3.941
637|3.744
638|4.099
639|3.702
640|4.375
641|4.083
642|4.000
643|2.782
644|3.198
645|4.429
646|3.788
647|3.054
648|3.674
649|3.589
650|3.967
651|3.552
652|2.848
653|4.188
654|3.435
655|2.714
656|3.901
657|3.979
658|3.068
659|3.644
660|2.979
661|4.661
662|3.178
663|3.506
664|3.984
665|3.333
666|3.866
667|3.051
668|3.536
669|3.833
670|3.197
671|4.271
672|3.838
673|3.081
674|4.238
675|3.303
676|3.113
677|3.871
678|3.667
679|3.862
680|3.519
681|4.267
682|4.729
683|3.522
684|3.867
685|3.243
686|3.857
687|3.437
688|3.714
689|3.364
690|4.308
691|4.220
692|3.800
693|3.855
694|3.516
695|3.434
696|3.781
697|3.737
698|3.507
699|3.013
700|4.000
701|3.477
702|3.298
703|4.133
704|3.034
705|3.390
706|3.592
707|3.488
708|3.800
709|2.862
710|3.397
711|3.974
712|3.391
713|3.409
714|4.154
715|3.872
716|4.144
717|3.161
718|3.756
719|3.455
720|2.844
721|3.551
722|3.814
723|3.789
724|3.592
725|4.203
726|3.914
727|3.744
728|3.301
729|3.466
730|3.667
731|3.729
732|3.468
733|4.022
734|3.629
735|3.561
736|3.879
737|3.526
738|3.308
739|4.386
740|4.172
741|3.311
742|3.909
743|3.429
744|3.371
745|2.684
746|2.575
747|3.520
748|3.906
749|3.349
750|4.341
751|3.789
752|2.783
753|3.776
754|3.720
755|4.140
756|3.889
757|3.175
758|3.870
759|3.532
760|4.216
761|4.600
762|3.667
763|3.700
764|4.550
765|3.523
766|3.892
767|4.030
768|4.579
769|3.868
770|2.888
771|3.750
772|3.385
773|3.487
774|3.179
775|3.889
776|3.768
777|2.574
778|3.723
779|3.289
780|3.428
781|3.128
782|3.444
783|3.537
784|3.870
785|3.298
786|4.100
787|3.570
788|3.526
789|2.791
790|4.167
791|3.943
792|3.406
793|3.513
794|3.971
795|3.361
796|2.948
797|3.985
798|3.192
799|3.645
800|3.467
801|3.630
802|3.894
803|3.756
804|3.171
805|3.966
806|4.173
807|3.923
808|3.087
809|4.000
810|3.700
811|4.196
812|3.726
813|3.340
814|3.964
815|4.130
816|3.710
817|3.981
818|3.699
819|3.327
820|3.422
821|2.812
822|3.725
823|3.823
824|3.634
825|3.636
826|3.407
827|4.059
828|3.451
829|4.218
830|3.612
831|4.156
832|3.533
833|3.938
834|4.179
835|3.000
836|2.327
837|3.218
838|4.079
839|3.958
840|4.220
841|3.600
842|3.690
843|3.920
844|3.537
845|3.902
846|3.866
847|3.531
848|4.159
849|3.183
850|3.546
851|3.633
852|4.222
853|3.839
854|2.993
855|3.392
856|3.476
857|4.182
858|4.166
859|3.352
860|3.152
861|3.873
862|3.696
863|4.102
864|3.991
865|3.818
866|3.107
867|3.686
868|3.678
869|3.519
870|3.571
871|3.941
872|3.694
873|3.803
874|3.818
875|4.134
876|3.773
877|3.251
878|3.974
879|3.968
880|3.451
881|2.899
882|4.048
883|3.357
884|4.114
885|4.059
886|3.519
887|3.500
888|3.789
889|2.815
890|3.857
891|3.713
892|3.963
893|3.161
894|4.436
895|3.941
896|3.980
897|3.494
898|4.211
899|3.531
900|3.450
901|3.577
902|4.158
903|3.407
904|3.265
905|3.724
906|3.438
907|3.875
908|3.194
909|3.839
910|3.585
911|3.864
912|3.765
913|3.343
914|4.229
915|2.827
916|3.860
917|4.000
918|2.887
919|3.954
920|3.500
921|3.738
922|3.536
923|3.639
924|3.987
925|3.222
926|4.241
927|3.224
928|4.272
929|3.611
930|3.077
931|4.096
932|4.333
933|3.592
934|2.987
935|3.471
936|3.457
937|3.709
938|3.875
939|3.748
940|3.097
941|2.364
942|4.000
943|4.297
944|3.829
945|3.615
946|4.269
947|2.733
948|3.690
949|3.868
950|2.907
951|4.562
952|3.952
953|4.656
954|3.760
955|3.544
956|3.977
957|4.294
958|3.817
959|3.750
960|3.882
961|3.692
962|4.075
963|3.419
964|3.677
965|4.082
966|3.489
967|3.583
968|4.125
969|4.150
970|3.123
971|3.303
972|3.370
973|3.410
974|3.574
975|3.272
976|3.372
977|3.812
978|3.829
979|4.119
980|3.178
981|3.260
982|4.225
983|4.177
984|3.503
985|4.172
986|3.882
987|4.029
988|3.862
989|4.771
990|3.494
991|3.830
992|3.250
993|3.283
994|4.129
995|3.923
996|3.873
997|3.870
998|4.112
999|3.164
1000|4.149
1001|3.681
1002|4.077
1003|4.174
1004|3.138
1005|4.137
1006|2.886
1007|4.360
1008|3.769
1009|3.878
1010|2.423
1011|3.586
1012|3.209
1013|3.750
1014|3.387
1015|3.691
1016|3.792
1017|3.209
1018|4.134
1019|2.972
1020|3.914
1021|4.740
1022|3.560
1023|4.000
1024|3.676
1025|3.731
1026|3.971
1027|3.806
1028|3.938
1029|3.191
1030|3.566
1031|4.081
1032|3.915
1033|3.206
1034|3.487
1035|3.861
1036|4.333
1037|3.433
1038|3.924
1039|2.955
1040|4.222
1041|4.343
1042|2.714
1043|3.821
1044|3.730
1045|3.552
1046|4.000
1047|3.817
1048|4.000
1049|3.607
1050|2.898
1051|3.462
1052|4.396
1053|3.296
1054|3.941
1055|3.516
1056|3.417
1057|3.748
1058|3.779
1059|2.878
1060|3.349
1061|4.050
1062|4.510
1063|4.177
1064|3.732
1065|3.714
1066|3.567
1067|4.000
1068|3.732
1069|2.903
1070|3.500
1071|4.368
1072|3.988
1073|4.076
1074|3.444
1075|4.125
1076|3.219
1077|3.984
1078|3.931
1079|3.562
1080|3.791
1081|4.111
1082|4.333
1083|2.250
1084|3.133
1085|3.815
1086|3.783
1087|3.732
1088|3.309
1089|3.930
1090|3.276
1091|2.731
1092|4.075
1093|3.418
1094|3.595
1095|3.964
1096|2.584
1097|3.545
1098|4.080
1099|3.533
1100|2.190
1101|3.321
1102|2.286
1103|3.511
1104|3.698
1105|3.805
1106|3.667
1107|3.645
1108|4.143
1109|3.080
1110|4.333
1111|3.923
1112|3.389
1113|3.969
1114|3.402
1115|3.057
1116|3.850
1117|3.748
1118|3.478
1119|3.787
1120|3.746
1121|3.944
1122|3.176
1123|3.217
1124|3.701
1125|3.203
1126|3.562
1127|3.135
1128|3.234
1129|4.110
1130|3.821
1131|4.780
1132|4.331
1133|3.276
1134|4.437
1135|3.839
1136|3.182
1137|3.738
1138|3.676
1139|3.952
1140|3.742
1141|3.247
1142|3.348
1143|4.333
1144|3.882
1145|3.600
1146|2.752
1147|3.492
1148|3.830
1149|3.239
1150|2.570
1151|3.744
1152|2.487
1153|2.833
1154|3.211
1155|3.097
1156|3.614
1157|4.176
1158|3.529
1159|2.427
1160|3.024
1161|3.947
1162|3.556
1163|3.647
1164|3.399
1165|3.509
1166|3.600
1167|3.418
1168|3.441
1169|2.809
1170|4.049
1171|4.273
1172|3.605
1173|3.215
1174|3.158
1175|4.193
1176|4.040
1177|3.968
1178|3.464
1179|3.604
1180|4.379
1181|2.796
1182|3.326
1183|3.716
1184|3.342
1185|3.634
1186|4.280
1187|3.333
1188|4.083
1189|3.789
1190|4.000
1191|4.325
1192|4.348
1193|2.732
1194|3.339
1195|3.697
1196|3.899
1197|4.211
1198|3.630
1199|3.657
1200|3.484
1201|3.462
1202|3.547
1203|3.686
1204|3.472
1205|3.910
1206|3.464
1207|2.368
1208|4.000
1209|3.438
1210|3.839
1211|3.789
1212|3.818
1213|3.947
1214|3.056
1215|3.989
1216|3.571
1217|4.250
1218|3.476
1219|3.514
1220|3.361
1221|3.989
1222|3.093
1223|3.905
1224|4.035
1225|4.182
1226|3.188
1227|3.821
1228|3.765
1229|4.000
1230|3.906
1231|3.805
1232|4.252
1233|3.771
1234|4.316
1235|3.821
1236|3.526
1237|3.652
1238|3.714
1239|3.857
1240|3.087
1241|4.168
1242|3.665
1243|3.585
1244|3.334
1245|4.286
1246|3.527
1247|3.893
1248|3.613
1249|3.789
1250|4.062
1251|3.457
1252|4.117
1253|3.390
1254|4.080
1255|3.749
1256|4.520
1257|3.179
1258|4.394
1259|3.851
1260|3.776
1261|3.716
1262|3.349
1263|3.117
1264|3.555
1265|3.153
1266|3.353
1267|3.541
1268|4.230
1269|4.120
1270|2.783
1271|4.222
1272|3.467
1273|3.936
1274|3.886
1275|4.435
1276|4.164
1277|3.793
1278|3.962
1279|2.983
1280|3.538
1281|3.452
1282|3.875
1283|3.306
1284|3.472
1285|3.915
1286|3.519
1287|3.813
1288|3.728
1289|4.290
1290|4.116
1291|3.779
1292|3.553
1293|3.426
1294|3.909
1295|3.742
1296|3.789
1297|3.424
1298|3.843
1299|3.684
1300|3.598
1301|3.717
1302|4.213
1303|3.287
1304|3.896
1305|4.375
1306|4.147
1307|4.250
1308|3.592
1309|3.579
1310|3.947
1311|3.420
1312|3.203
1313|3.435
1314|2.852
1315|4.473
1316|3.200
1317|3.656
1318|3.125
1319|3.273
1320|3.989
1321|3.301
1322|4.111
1323|3.686
1324|3.942
1325|3.987
1326|3.966
1327|3.339
1328|3.485
1329|3.235
1330|4.250
1331|3.958
1332|3.520
1333|3.670
1334|3.851
1335|2.988
1336|3.944
1337|3.765
1338|3.962
1339|2.747
1340|2.106
1341|2.203
1342|2.863
1343|4.435
1344|3.746
1345|3.762
1346|3.409
1347|3.786
1348|3.829
1349|4.706
1350|3.775
1351|4.133
1352|3.563
1353|3.000
1354|3.422
1355|4.048
1356|2.516
1357|2.809
1358|3.022
1359|3.605
1360|3.549
1361|4.170
1362|3.434
1363|4.500
1364|3.907
1365|3.566
1366|3.447
1367|3.780
1368|4.114
1369|3.768
1370|3.085
1371|4.200
1372|2.952
1373|3.797
1374|3.902
1375|3.957
1376|3.947
1377|2.781
1378|4.522
1379|3.240
1380|3.332
1381|3.345
1382|4.286
1383|3.311
1384|3.471
1385|3.706
1386|3.954
1387|3.640
1388|4.000
1389|3.747
1390|3.822
1391|3.455
1392|3.423
1393|4.080
1394|3.000
1395|3.823
1396|3.709
1397|3.381
1398|3.733
1399|3.600
1400|4.065
1401|3.886
1402|4.051
1403|3.843
1404|2.743
1405|3.686
1406|3.933
1407|4.103
1408|3.046
1409|4.164
1410|4.000
1411|3.617
1412|3.158
1413|3.816
1414|3.763
1415|3.755
1416|3.765
1417|3.261
1418|2.899
1419|2.950
1420|3.668
1421|3.806
1422|2.997
1423|4.111
1424|3.400
1425|3.640
1426|3.446
1427|3.615
1428|4.146
1429|3.263
1430|4.163
1431|3.438
1432|3.444
1433|3.366
1434|2.390
1435|3.407
1436|4.000
1437|4.504
1438|3.457
1439|3.870
1440|3.176
1441|3.716
1442|3.244
1443|4.161
1444|3.696
1445|2.958
1446|4.455
1447|3.252
1448|3.787
1449|2.792
1450|3.000
1451|3.878
1452|4.200
1453|3.591
1454|3.647
1455|3.688
1456|4.000
1457|3.963
1458|3.987
1459|3.875
1460|2.818
1461|3.333
1462|3.533
1463|3.587
1464|3.651
1465|3.746
1466|3.597
1467|3.543
1468|3.494
1469|4.120
1470|2.681
1471|3.857
1472|3.559
1473|2.942
1474|3.786
1475|3.746
1476|3.873
1477|4.154
1478|3.800
1479|4.087
1480|3.500
1481|4.329
1482|3.104
1483|3.131
1484|3.637
1485|3.944
1486|3.474
1487|3.156
1488|3.875
1489|2.402
1490|4.063
1491|3.277
1492|3.071
1493|3.733
1494|3.795
1495|2.552
1496|2.836
1497|3.881
1498|3.707
1499|3.883
1500|3.890
1501|3.691
1502|3.349
1503|3.484
1504|3.576
1505|3.697
1506|3.928
1507|4.198
1508|3.130
1509|2.924
1510|3.577
1511|4.125
1512|3.370
1513|4.070
1514|3.792
1515|3.737
1516|3.004
1517|3.510
1518|4.421
1519|3.449
1520|4.056
1521|3.351
1522|3.532
1523|3.616
1524|3.683
1525|3.675
1526|4.160
1527|3.096
1528|3.945
1529|3.783
1530|3.799
1531|3.355
1532|4.010
1533|3.797
1534|3.438
1535|3.739
1536|4.107
1537|3.800
1538|4.000
1539|4.429
1540|3.809
1541|4.350
1542|3.658
1543|3.449
1544|3.656
1545|3.046
1546|3.722
1547|3.916
1548|3.474
1549|3.500
1550|3.783
1551|3.826
1552|3.695
1553|3.676
1554|3.708
1555|4.365
1556|3.211
1557|3.889
1558|4.050
1559|3.525
1560|3.481
1561|4.016
1562|2.767
1563|3.746
1564|3.051
1565|3.730
1566|3.263
1567|3.873
1568|4.182
1569|4.535
1570|3.538
1571|3.943
1572|3.171
1573|3.478
1574|3.585
1575|3.767
1576|3.789
1577|4.121
1578|4.250
1579|3.399
1580|3.655
1581|3.281
1582|3.706
1583|3.707
1584|3.361
1585|3.573
1586|4.423
1587|3.314
1588|4.135
1589|3.722
1590|3.935
1591|4.311
1592|3.627
1593|3.043
1594|3.752
1595|3.962
1596|3.333
1597|3.568
1598|3.449
1599|3.296
1600|3.384
1601|3.859
1602|4.074
1603|3.800
1604|4.263
1605|3.291
1606|3.787
1607|3.150
1608|2.078
1609|3.394
1610|3.909
1611|3.532
1612|3.611
1613|3.353
1614|3.354
1615|3.062
1616|3.123
1617|3.121
1618|4.194
1619|4.192
1620|3.857
1621|3.059
1622|3.600
1623|4.236
1624|2.903
1625|3.371
1626|3.421
1627|3.000
1628|3.672
1629|3.529
1630|2.323
1631|3.874
1632|2.721
1633|3.148
1634|3.536
1635|3.770
1636|2.748
1637|4.015
1638|4.226
1639|3.659
1640|2.422
1641|2.692
1642|3.576
1643|4.247
1644|2.868
1645|4.053
1646|3.184
1647|3.247
1648|3.479
1649|3.978
1650|3.582
1651|3.222
1652|3.381
1653|3.737
1654|4.351
1655|3.719
1656|3.474
1657|3.800
1658|3.387
1659|2.800
1660|4.041
1661|3.793
1662|3.789
1663|4.139
1664|3.467
1665|3.660
1666|3.303
1667|3.386
1668|4.043
1669|3.739
1670|4.795
1671|3.876
1672|3.871
1673|4.375
1674|3.706
1675|3.251
1676|3.425
1677|3.588
1678|3.485
1679|3.938
1680|3.551
1681|4.042
1682|4.286
1683|3.547
1684|4.020
1685|3.606
1686|3.500
1687|3.522
1688|3.571
1689|3.598
1690|3.496
1691|3.385
1692|4.455
1693|3.749
1694|3.708
1695|3.622
1696|3.550
1697|4.205
1698|3.893
1699|4.273
1700|3.514
1701|3.608
1702|4.508
1703|4.150
1704|4.107
1705|3.672
1706|3.826
1707|4.343
1708|3.824
1709|3.778
1710|3.603
1711|3.696
1712|3.466
1713|3.312
1714|3.530
1715|3.500
1716|3.458
1717|3.726
1718|4.480
1719|2.950
1720|4.056
1721|2.429
1722|4.232
1723|3.664
1724|4.087
1725|3.714
1726|2.275
1727|3.998
1728|4.189
1729|3.022
1730|3.474
1731|3.519
1732|4.407
1733|3.504
1734|4.203
1735|3.344
1736|3.226
1737|3.410
1738|3.755
1739|3.710
1740|3.981
1741|3.966
1742|3.486
1743|4.013
1744|4.054
1745|3.636
1746|4.377
1747|2.105
1748|3.463
1749|2.878
1750|3.190
1751|4.375
1752|3.793
1753|3.947
1754|3.087
1755|3.541
1756|3.128
1757|3.612
1758|3.918
1759|3.675
1760|3.788
1761|2.178
1762|3.780
1763|3.850
1764|4.106
1765|4.048
1766|3.100
1767|3.475
1768|3.442
1769|2.741
1770|3.197
1771|4.316
1772|3.259
1773|3.625
1774|3.194
1775|3.642
1776|3.264
1777|3.860
1778|3.548
1779|3.303
1780|2.923
1781|3.333
1782|3.633
1783|3.438
1784|2.854
1785|3.116
1786|4.048
1787|3.182
1788|3.880
1789|4.174
1790|3.838
1791|3.565
1792|3.903
1793|3.328
1794|2.373
1795|4.316
1796|3.964
1797|4.194
1798|3.528
1799|3.556
1800|3.557
1801|4.000
1802|3.958
1803|3.441
1804|3.293
1805|4.065
1806|4.205
1807|3.627
1808|3.500
1809|3.091
1810|3.774
1811|3.870
1812|3.771
1813|3.294
1814|3.590
1815|3.903
1816|4.041
1817|2.898
1818|3.618
1819|3.707
1820|3.617
1821|3.952
1822|3.755
1823|4.000
1824|3.370
1825|3.542
1826|3.511
1827|3.590
1828|3.263
1829|3.261
1830|4.087
1831|3.432
1832|3.857
1833|3.190
1834|4.137
1835|4.101
1836|4.136
1837|3.448
1838|3.048
1839|3.986
1840|3.842
1841|2.652
1842|4.078
1843|3.674
1844|3.533
1845|3.166
1846|3.938
1847|4.188
1848|3.765
1849|3.842
1850|3.885
1851|2.658
1852|3.488
1853|4.128
1854|2.765
1855|3.121
1856|4.692
1857|4.250
1858|3.949
1859|3.417
1860|3.278
1861|3.311
1862|4.407
1863|4.458
1864|3.056
1865|3.603
1866|4.081
1867|3.000
1868|3.698
1869|3.921
1870|3.810
1871|3.667
1872|3.923
1873|3.475
1874|3.549
1875|3.611
1876|3.423
1877|3.085
1878|3.652
1879|3.967
1880|3.317
1881|4.378
1882|3.758
1883|3.320
1884|3.846
1885|4.178
1886|3.750
1887|3.333
1888|3.630
1889|3.228
1890|3.497
1891|3.493
1892|4.235
1893|3.727
1894|4.219
1895|4.000
1896|4.182
1897|3.684
1898|4.050
1899|3.770
1900|3.677
1901|4.193
1902|3.573
1903|4.025
1904|3.203
1905|4.108
1906|3.450
1907|3.895
1908|3.139
1909|3.511
1910|3.738
1911|3.542
1912|2.497
1913|4.257
1914|3.833
1915|3.567
1916|3.913
1917|3.857
1918|2.889
1919|3.512
1920|3.369
1921|3.164
1922|3.426
1923|3.348
1924|3.353
1925|3.597
1926|4.060
1927|3.765
1928|3.811
1929|3.524
1930|3.116
1931|3.559
1932|3.548
1933|3.609
1934|3.085
1935|3.457
1936|3.636
1937|3.162
1938|3.115
1939|3.761
1940|4.627
1941|3.076
1942|2.872
1943|3.661
1944|3.963
1945|2.690
1946|3.871
1947|3.872
1948|2.942
1949|4.198
1950|3.505
1951|3.127
1952|3.460
1953|3.963
1954|3.950
1955|3.452
1956|3.176
1957|3.949
1958|3.267
1959|4.458
1960|3.860
1961|3.479
1962|2.725
1963|4.167
1964|3.765
1965|3.059
1966|4.314
1967|3.632
1968|2.775
1969|3.838
1970|3.707
1971|4.154
1972|4.409
1973|3.800
1974|3.754
1975|3.692
1976|3.786
1977|3.642
1978|3.407
1979|3.222
1980|3.457
1981|3.075
1982|3.504
1983|4.101
1984|3.509
1985|3.591
1986|4.647
1987|3.649
1988|3.515
1989|3.238
1990|3.852
1991|4.263
1992|2.904
1993|4.000
1994|4.043
1995|3.912
1996|3.965
1997|4.097
1998|3.873
1999|3.768
2000|3.782
2001|3.564
2002|4.128
2003|4.417
2004|3.701
2005|2.676
2006|3.938
2007|3.871
2008|3.872
2009|3.930
2010|2.399
2011|3.792
2012|2.750
2013|3.857
2014|4.256
2015|3.133
2016|3.981
2017|3.937
2018|3.938
2019|3.630
2020|3.489
2021|3.891
2022|3.806
2023|3.908
2024|3.314
2025|3.705
2026|3.580
2027|4.012
2028|3.762
2029|3.160
2030|3.976
2031|3.547
2032|3.660
2033|2.545
2034|4.138
2035|3.551
2036|3.882
2037|3.333
2038|3.821
2039|3.594
2040|3.389
2041|3.545
2042|3.085
2043|2.514
2044|4.316
2045|3.895
2046|3.530
2047|3.537
2048|4.074
2049|4.111
2050|3.913
2051|3.388
2052|2.957
2053|3.579
2054|3.348
2055|4.182
2056|4.059
2057|3.824
2058|3.267
2059|3.450
2060|3.072
2061|4.200
2062|4.114
2063|2.935
2064|3.975
2065|4.333
2066|4.130
2067|3.591
2068|3.909
2069|4.085
2070|4.386
2071|3.395
2072|3.963
2073|3.728
2074|3.321
2075|3.176
2076|3.424
2077|3.207
2078|3.753
2079|3.342
2080|4.320
2081|3.051
2082|4.321
2083|4.258
2084|3.951
2085|3.700
2086|3.565
2087|3.571
2088|3.824
2089|3.720
2090|3.710
2091|4.128
2092|3.528
2093|3.523
2094|4.161
2095|3.322
2096|4.260
2097|3.360
2098|3.211
2099|3.571
2100|3.671
2101|3.289
2102|2.605
2103|3.873
2104|3.048
2105|3.174
2106|2.248
2107|4.174
2108|4.353
2109|2.908
2110|3.233
2111|3.667
2112|3.487
2113|4.000
2114|3.655
2115|3.848
2116|3.548
2117|4.333
2118|4.507
2119|3.444
2120|3.450
2121|3.658
2122|3.566
2123|4.111
2124|4.287
2125|3.885
2126|2.676
2127|3.224
2128|3.733
2129|3.246
2130|3.358
2131|3.363
2132|2.364
2133|3.000
2134|3.617
2135|3.800
2136|3.874
2137|4.218
2138|3.745
2139|4.357
2140|3.811
2141|4.105
2142|3.508
2143|3.056
2144|3.275
2145|4.011
2146|3.370
2147|3.553
2148|3.926
2149|3.833
2150|3.630
2151|3.100
2152|3.667
2153|3.816
2154|4.000
2155|4.768
2156|3.351
2157|3.475
2158|3.933
2159|4.556
2160|3.800
2161|3.474
2162|4.083
2163|4.092
2164|3.630
2165|4.028
2166|3.694
2167|2.424
2168|3.893
2169|3.828
2170|4.170
2171|4.412
2172|3.025
2173|3.747
2174|3.592
2175|4.133
2176|4.245
2177|3.599
2178|4.259
2179|3.259
2180|2.850
2181|3.331
2182|3.421
2183|3.630
2184|4.217
2185|4.252
2186|3.421
2187|3.716
2188|3.040
2189|3.481
2190|3.922
2191|3.367
2192|3.854
2193|4.000
2194|2.788
2195|3.432
2196|4.000
2197|4.068
2198|3.604
2199|2.951
2200|3.050
2201|4.471
2202|3.286
2203|4.049
2204|3.808
2205|3.057
2206|3.669
2207|4.188
2208|3.431
2209|3.389
2210|3.652
2211|3.929
2212|3.139
2213|3.710
2214|4.188
2215|3.255
2216|2.927
2217|3.129
2218|3.815
2219|3.677
2220|4.087
2221|3.574
2222|3.514
2223|3.033
2224|4.267
2225|3.313
2226|3.659
2227|3.868
2228|3.854
2229|3.452
2230|3.237
2231|3.670
2232|4.008
2233|3.382
2234|3.750
2235|3.947
2236|3.587
2237|3.901
2238|3.743
2239|4.095
2240|4.291
2241|4.363
2242|3.638
2243|4.702
2244|3.431
2245|3.050
2246|3.672
2247|3.961
2248|3.765
2249|3.927
2250|3.057
2251|3.642
2252|3.222
2253|4.125
2254|3.925
2255|3.669
2256|3.963
2257|3.481
2258|3.437
2259|4.492
2260|3.579
2261|3.358
2262|3.679
2263|3.697
2264|3.623
2265|3.562
2266|4.013
2267|3.476
2268|4.222
2269|3.421
2270|3.500
2271|4.076
2272|3.851
2273|3.768
2274|3.710
2275|3.759
2276|4.326
2277|3.364
2278|3.321
2279|3.606
2280|4.050
2281|4.016
2282|4.000
2283|3.706
2284|3.707
2285|3.610
2286|3.486
2287|4.333
2288|2.984
2289|4.000
2290|3.351
2291|4.031
2292|3.000
2293|4.310
2294|4.143
2295|4.471
2296|3.045
2297|3.939
2298|3.253
2299|2.966
2300|3.927
2301|3.951
2302|3.553
2303|4.154
2304|3.683
2305|3.066
2306|3.679
2307|4.348
2308|4.200
2309|3.493
2310|3.888
2311|3.778
2312|3.704
2313|4.471
2314|3.185
2315|2.914
2316|3.844
2317|4.250
2318|2.764
2319|3.714
2320|3.203
2321|3.830
2322|3.673
2323|3.679
2324|4.000
2325|3.364
2326|3.977
2327|3.468
2328|3.281
2329|3.516
2330|3.011
2331|4.109
2332|4.028
2333|3.735
2334|3.722
2335|3.750
2336|3.938
2337|4.163
2338|3.832
2339|4.944
2340|4.351
2341|3.289
2342|3.787
2343|4.357
2344|3.447
2345|3.611
2346|3.673
2347|3.833
2348|3.122
2349|3.032
2350|3.837
2351|3.404
2352|2.768
2353|3.529
2354|3.745
2355|3.643
2356|3.526
2357|3.783
2358|3.704
2359|3.617
2360|3.586
2361|3.667
2362|3.744
2363|4.500
2364|4.043
2365|4.135
2366|3.438
2367|3.762
2368|4.227
2369|4.435
2370|4.067
2371|3.797
2372|4.339
2373|4.312
2374|4.134
2375|3.714
2376|3.319
2377|4.071
2378|3.125
2379|4.050
2380|3.361
2381|3.400
2382|3.812
2383|3.519
2384|4.042
2385|3.778
2386|3.607
2387|3.796
2388|4.059
2389|3.837
2390|3.900
2391|3.679
2392|3.971
2393|3.809
2394|3.946
2395|3.654
2396|4.071
2397|3.957
2398|4.098
2399|3.824
2400|3.310
2401|4.282
2402|3.251
2403|3.427
2404|3.813
2405|3.787
2406|3.987
2407|4.074
2408|3.891
2409|3.822
2410|3.615
2411|3.477
2412|3.826
2413|3.143
2414|4.146
2415|3.714
2416|3.622
2417|4.478
2418|3.044
2419|3.301
2420|4.189
2421|3.729
2422|4.312
2423|4.034
2424|3.282
2425|3.652
2426|3.786
2427|3.906
2428|3.758
2429|3.899
2430|3.152
2431|3.450
2432|3.815
2433|3.481
2434|3.579
2435|3.742
2436|3.543
2437|3.545
2438|3.516
2439|3.000
2440|3.500
2441|3.857
2442|3.783
2443|3.400
2444|3.313
2445|3.508
2446|3.824
2447|4.156
2448|3.914
2449|3.950
2450|3.238
2451|3.079
2452|4.220
2453|3.537
2454|3.392
2455|2.667
2456|3.075
2457|3.168
2458|3.427
2459|3.694
2460|4.175
2461|3.675
2462|3.537
2463|3.133
2464|3.741
2465|4.299
2466|2.957
2467|4.412
2468|4.162
2469|3.696
2470|3.167
2471|3.310
2472|3.593
2473|3.900
2474|4.160
2475|4.000
2476|4.208
2477|4.521
2478|3.507
2479|3.769
2480|3.857
2481|3.886
2482|3.600
2483|3.873
2484|3.323
2485|3.607
2486|3.748
2487|3.690
2488|4.133
2489|3.382
2490|3.471
2491|3.165
2492|3.817
2493|3.397
2494|2.967
2495|3.387
2496|2.983
2497|4.562
2498|3.171
2499|3.568
2500|3.586
2501|3.821
2502|4.062
2503|2.937
2504|3.538
2505|4.000
2506|3.405
2507|3.910
2508|3.574
2509|3.281
2510|4.588
2511|4.174
2512|3.833
2513|4.019
2514|4.458
2515|4.200
2516|3.647
2517|3.308
2518|4.152
2519|4.027
2520|4.132
2521|3.884
2522|3.729
2523|3.971
2524|3.550
2525|3.574
2526|3.895
2527|4.062
2528|3.306
2529|3.706
2530|3.733
2531|4.042
2532|4.042
2533|3.894
2534|3.500
2535|3.923
2536|3.178
2537|2.980
2538|3.895
2539|3.688
2540|4.028
2541|3.279
2542|3.947
2543|4.526
2544|3.678
2545|4.075
2546|3.351
2547|4.198
2548|3.882
2549|2.778
2550|3.680
2551|3.333
2552|3.746
2553|4.167
2554|3.909
2555|3.595
2556|3.595
2557|3.644
2558|3.553
2559|3.806
2560|4.258
2561|3.672
2562|3.816
2563|3.000
2564|3.747
2565|3.715
2566|3.303
2567|3.459
2568|3.538
2569|3.528
2570|3.873
2571|4.130
2572|4.158
2573|3.948
2574|4.577
2575|3.696
2576|3.045
2577|3.146
2578|4.074
2579|4.000
2580|3.729
2581|4.047
2582|4.000
2583|4.348
2584|3.533
2585|3.690
2586|4.205
2587|3.917
2588|3.812
2589|3.538
2590|3.175
2591|3.906
2592|3.606
2593|4.565
2594|3.107
2595|3.268
2596|3.750
2597|3.804
2598|3.762
2599|3.590
2600|2.833
2601|3.783
2602|3.348
2603|3.794
2604|3.870
2605|3.887
2606|4.205
2607|4.204
2608|4.011
2609|4.317
2610|2.944
2611|3.294
2612|3.118
2613|4.176
2614|4.174
2615|3.438
2616|3.590
2617|3.569
2618|3.105
2619|4.216
2620|3.444
2621|2.948
2622|3.897
2623|3.628
2624|4.168
2625|3.310
2626|4.118
2627|3.251
2628|3.278
2629|3.959
2630|3.535
2631|4.310
2632|3.562
2633|3.793
2634|3.919
2635|3.404
2636|3.680
2637|3.295
2638|3.082
2639|3.846
2640|3.875
2641|4.079
2642|4.018
2643|3.317
2644|3.625
2645|3.347
2646|4.111
2647|4.421
2648|3.941
2649|3.076
2650|3.667
2651|3.228
2652|3.969
2653|3.522
2654|4.127
2655|3.050
2656|4.114
2657|4.059
2658|3.792
2659|4.047
2660|3.730
2661|3.513
2662|3.667
2663|3.645
2664|3.430
2665|3.018
2666|3.893
2667|3.400
2668|3.402
2669|3.670
2670|3.542
2671|3.333
2672|3.558
2673|3.867
2674|4.168
2675|3.343
2676|4.131
2677|3.600
2678|3.970
2679|3.762
2680|3.257
2681|3.584
2682|2.724
2683|4.317
2684|3.520
2685|3.628
2686|2.812
2687|4.111
2688|3.421
2689|4.362
2690|4.167
2691|4.432
2692|3.841
2693|3.870
2694|4.491
2695|4.000
2696|3.200
2697|4.407
2698|4.059
2699|4.190
2700|3.396
2701|3.242
2702|2.406
2703|3.644
2704|3.974
2705|4.235
2706|4.158
2707|3.722
2708|3.069
2709|2.880
2710|3.043
2711|2.467
2712|4.000
2713|2.474
2714|3.533
2715|3.323
2716|3.895
2717|3.737
2718|3.925
2719|4.183
2720|2.900
2721|3.852
2722|3.222
2723|3.478
2724|3.804
2725|3.630
2726|4.597
2727|3.271
2728|3.358
2729|4.389
2730|3.952
2731|4.251
2732|4.286
2733|4.456
2734|3.792
2735|3.316
2736|3.675
2737|3.542
2738|4.386
2739|3.360
2740|3.670
2741|3.926
2742|2.779
2743|3.578
2744|1.200
2745|3.803
2746|3.933
2747|4.369
2748|2.735
2749|3.845
2750|4.314
2751|3.415
2752|3.232
2753|3.764
2754|3.722
2755|4.389
2756|4.010
2757|3.951
2758|4.130
2759|3.533
2760|3.981
2761|3.427
2762|3.973
2763|2.789
2764|4.219
2765|3.589
2766|4.136
2767|3.150
2768|4.000
2769|3.716
2770|4.081
2771|2.913
2772|3.570
2773|4.015
2774|3.842
2775|4.304
2776|3.846
2777|3.475
2778|4.226
2779|3.919
2780|3.548
2781|4.238
2782|3.702
2783|3.884
2784|4.056
2785|3.131
2786|3.966
2787|3.882
2788|4.414
2789|3.720
2790|4.206
2791|4.605
2792|3.020
2793|4.038
2794|3.772
2795|3.557
2796|2.477
2797|2.842
2798|4.033
2799|4.222
2800|3.653
2801|3.175
2802|3.587
2803|3.716
2804|3.912
2805|3.829
2806|3.381
2807|3.412
2808|4.117
2809|4.322
2810|3.397
2811|3.578
2812|3.635
2813|3.056
2814|3.963
2815|3.744
2816|3.765
2817|4.154
2818|3.551
2819|3.733
2820|2.938
2821|3.565
2822|3.714
2823|3.000
2824|3.879
2825|3.892
2826|3.597
2827|3.192
2828|4.109
2829|2.867
2830|3.373
2831|4.179
2832|3.960
2833|3.405
2834|4.353
2835|3.800
2836|3.412
2837|3.342
2838|4.452
2839|3.222
2840|2.918
2841|4.166
2842|3.620
2843|2.806
2844|3.267
2845|3.837
2846|3.247
2847|2.753
2848|3.366
2849|4.488
2850|2.676
2851|3.538
2852|4.168
2853|3.423
2854|3.136
2855|2.810
2856|3.512
2857|3.139
2858|4.034
2859|4.208
2860|3.877
2861|3.306
2862|3.985
2863|3.505
2864|3.317
2865|3.740
2866|3.331
2867|4.364
2868|3.579
2869|3.615
2870|2.912
2871|3.545
2872|3.719
2873|3.565
2874|3.927
2875|4.333
2876|3.669
2877|3.278
2878|3.595
2879|4.053
2880|3.394
2881|3.841
2882|3.337
2883|2.605
2884|4.067
2885|4.072
2886|3.899
2887|3.518
2888|3.457
2889|3.761
2890|3.446
2891|3.326
2892|3.676
2893|3.625
2894|3.878
2895|3.663
2896|3.545
2897|3.624
2898|3.885
2899|3.900
2900|4.017
2901|4.271
2902|3.941
2903|4.103
2904|3.850
2905|3.710
2906|3.372
2907|3.306
2908|3.688
2909|3.806
2910|3.561
2911|3.420
2912|2.686
2913|3.970
2914|4.421
2915|3.719
2916|3.667
2917|3.455
2918|3.583
2919|3.694
2920|3.421
2921|3.277
2922|4.464
2923|4.125
2924|3.889
2925|3.789
2926|3.282
2927|3.755
2928|3.833
2929|3.900
2930|3.400
2931|3.620
2932|3.909
2933|3.788
2934|3.302
2935|3.322
2936|4.302
2937|3.470
2938|3.869
2939|3.763
2940|3.542
2941|3.477
2942|4.456
2943|4.374
2944|4.173
2945|3.796
2946|2.823
2947|3.676
2948|4.119
2949|3.711
2950|3.038
2951|4.157
2952|4.194
2953|3.169
2954|3.857
2955|3.197
2956|3.333
2957|4.431
2958|3.147
2959|3.966
2960|3.917
2961|3.914
2962|2.876
2963|3.968
2964|4.579
2965|3.476
2966|4.024
2967|3.420
2968|3.756
2969|3.705
2970|4.395
2971|3.857
2972|3.526
2973|3.388
2974|4.283
2975|4.215
2976|3.605
2977|3.062
2978|3.848
2979|3.971
2980|3.519
2981|4.174
2982|3.471
2983|4.372
2984|3.579
2985|3.537
2986|3.437
2987|3.628
2988|3.120
2989|3.639
2990|3.966
2991|4.065
2992|3.294
2993|3.773
2994|3.213
2995|3.794
2996|3.126
2997|3.970
2998|3.465
2999|2.888
3000|3.274
3001|3.891
3002|4.162
3003|3.889
3004|3.716
3005|3.739
3006|4.073
3007|2.958
3008|3.852
3009|4.100
3010|3.398
3011|4.274
3012|2.494
3013|3.434
3014|3.548
3015|3.576
3016|3.688
3017|3.266
3018|3.682
3019|4.095
3020|4.015
3021|3.267
3022|2.941
3023|3.449
3024|3.592
3025|4.119
3026|2.842
3027|4.111
3028|3.744
3029|3.903
3030|3.900
3031|3.872
3032|4.275
3033|3.679
3034|4.000
3035|3.905
3036|4.478
3037|4.294
3038|4.074
3039|4.458
3040|3.579
3041|3.464
3042|3.776
3043|2.810
3044|4.029
3045|4.246
3046|3.295
3047|3.655
3048|3.927
3049|4.214
3050|3.706
3051|3.218
3052|3.297
3053|3.231
3054|3.507
3055|3.515
3056|3.600
3057|3.438
3058|3.713
3059|3.829
3060|3.448
3061|4.120
3062|3.314
3063|3.569
3064|4.114
3065|3.791
3066|3.915
3067|3.738
3068|4.062
3069|2.836
3070|4.000
3071|3.000
3072|3.317
3073|4.467
3074|4.319
3075|3.635
3076|3.882
3077|3.742
3078|4.120
3079|3.838
3080|3.848
3081|3.977
3082|3.339
3083|3.873
3084|3.677
3085|4.122
3086|4.178
3087|3.895
3088|4.051
3089|4.429
3090|3.612
3091|3.784
3092|3.929
3093|3.832
3094|3.688
3095|3.914
3096|4.127
3097|3.500
3098|3.315
3099|3.307
3100|4.233
3101|4.102
3102|3.259
3103|4.032
3104|3.739
3105|3.989
3106|4.074
3107|3.544
3108|3.636
3109|3.644
3110|3.540
3111|3.172
3112|3.429
3113|3.769
3114|3.373
3115|3.321
3116|3.493
3117|4.241
3118|3.492
3119|3.451
3120|3.483
3121|3.431
3122|3.095
3123|3.504
3124|3.400
3125|3.717
3126|3.766
3127|4.000
3128|3.427
3129|3.259
3130|3.547
3131|3.246
3132|3.636
3133|3.312
3134|3.663
3135|3.990
3136|4.032
3137|3.425
3138|3.331
3139|4.064
3140|3.938
3141|4.125
3142|4.013
3143|3.308
3144|3.704
3145|3.807
3146|3.837
3147|3.435
3148|3.704
3149|4.000
3150|3.836
3151|4.131
3152|3.000
3153|3.571
3154|3.762
3155|4.000
3156|3.451
3157|3.543
3158|3.835
3159|4.016
3160|3.947
3161|4.089
3162|2.831
3163|3.930
3164|3.565
3165|3.739
3166|3.968
3167|3.903
3168|3.261
3169|3.660
3170|3.828
3171|4.248
3172|3.616
3173|4.107
3174|3.681
3175|4.159
3176|3.312
3177|4.083
3178|2.704
3179|3.316
3180|2.813
3181|4.526
3182|3.040
3183|3.352
3184|3.699
3185|3.845
3186|3.966
3187|4.381
3188|4.312
3189|3.167
3190|3.857
3191|3.093
3192|4.269
3193|3.079
3194|3.704
3195|3.536
3196|3.239
3197|3.287
3198|4.060
3199|3.418
3200|3.740
3201|4.079
3202|3.465
3203|3.969
3204|4.368
3205|3.412
3206|3.595
3207|4.139
3208|3.267
3209|2.049
3210|4.555
3211|3.974
3212|2.650
3213|3.633
3214|4.214
3215|3.107
3216|3.297
3217|3.803
3218|3.429
3219|3.726
3220|3.754
3221|4.406
3222|3.467
3223|3.562
3224|3.771
3225|3.500
3226|4.364
3227|3.685
3228|3.734
3229|3.397
3230|3.891
3231|4.082
3232|3.078
3233|4.016
3234|4.062
3235|4.000
3236|2.833
3237|3.855
3238|4.360
3239|3.492
3240|3.333
3241|3.581
3242|3.629
3243|3.738
3244|4.211
3245|2.603
3246|3.216
3247|3.870
3248|3.522
3249|3.667
3250|3.232
3251|4.432
3252|2.815
3253|3.812
3254|3.444
3255|3.629
3256|4.043
3257|4.203
3258|3.806
3259|4.038
3260|3.830
3261|3.204
3262|3.306
3263|3.867
3264|2.773
3265|2.842
3266|4.350
3267|3.859
3268|3.849
3269|3.909
3270|3.619
3271|3.836
3272|3.760
3273|4.067
3274|3.209
3275|3.562
3276|3.087
3277|4.017
3278|3.972
3279|2.614
3280|2.721
3281|3.974
3282|4.421
3283|3.566
3284|4.250
3285|3.375
3286|4.136
3287|4.526
3288|3.550
3289|3.644
3290|2.607
3291|3.800
3292|3.999
3293|3.257
3294|4.169
3295|3.797
3296|4.351
3297|3.100
3298|4.440
3299|4.017
3300|3.896
3301|3.660
3302|3.426
3303|4.421
3304|4.089
3305|4.241
3306|4.700
3307|3.750
3308|3.124
3309|3.639
3310|4.231
3311|2.751
3312|2.964
3313|3.593
3314|3.963
3315|3.993
3316|4.000
3317|3.908
3318|4.273
3319|3.398
3320|3.148
3321|4.000
3322|4.211
3323|3.790
3324|4.875
3325|2.450
3326|3.967
3327|3.493
3328|3.445
3329|3.491
3330|4.053
3331|3.631
3332|3.136
3333|3.490
3334|3.899
3335|4.048
3336|2.720
3337|3.672
3338|3.903
3339|3.894
3340|3.958
3341|3.983
3342|3.261
3343|4.385
3344|4.455
3345|3.500
3346|3.765
3347|4.429
3348|4.079
3349|3.719
3350|4.194
3351|3.913
3352|3.553
3353|3.824
3354|2.885
3355|3.962
3356|4.346
3357|4.073
3358|3.778
3359|3.500
3360|3.348
3361|3.781
3362|3.590
3363|3.601
3364|3.551
3365|4.138
3366|3.667
3367|4.254
3368|3.636
3369|3.920
3370|3.323
3371|3.461
3372|4.125
3373|3.360
3374|3.916
3375|3.524
3376|3.267
3377|3.985
3378|3.561
3379|3.710
3380|3.735
3381|3.435
3382|3.523
3383|3.575
3384|3.490
3385|3.321
3386|3.746
3387|3.367
3388|3.875
3389|2.757
3390|4.167
3391|3.670
3392|3.609
3393|3.465
3394|3.858
3395|3.705
3396|3.722
3397|4.043
3398|3.512
3399|3.545
3400|4.040
3401|2.910
3402|3.867
3403|4.147
3404|3.650
3405|4.000
3406|4.062
3407|3.733
3408|3.674
3409|4.171
3410|3.205
3411|2.768
3412|4.137
3413|4.089
3414|4.013
3415|4.023
3416|3.584
3417|3.836
3418|3.815
3419|3.979
3420|4.371
3421|4.421
3422|2.624
3423|3.893
3424|4.196
3425|3.450
3426|3.895
3427|3.767
3428|4.048
3429|3.481
3430|3.389
3431|3.980
3432|3.141
3433|3.057
3434|3.619
3435|3.770
3436|3.779
3437|4.436
3438|3.524
3439|4.113
3440|4.190
3441|2.875
3442|3.412
3443|4.000
3444|3.000
3445|3.852
3446|4.429
3447|3.821
3448|3.550
3449|4.255
3450|3.550
3451|3.796
3452|4.418
3453|3.381
3454|3.446
3455|4.111
3456|4.372
3457|3.472
3458|3.947
3459|3.652
3460|4.239
3461|4.690
3462|3.286
3463|3.897
3464|3.584
3465|3.894
3466|4.172
3467|4.000
3468|3.904
3469|3.847
3470|3.657
3471|3.131
3472|4.128
3473|4.000
3474|4.428
3475|2.958
3476|2.632
3477|3.927
3478|3.407
3479|3.662
3480|3.730
3481|3.955
3482|3.804
3483|3.782
3484|2.945
3485|4.079
3486|4.091
3487|3.488
3488|2.812
3489|2.771
3490|3.846
3491|3.807
3492|3.980
3493|3.585
3494|3.815
3495|3.375
3496|3.895
3497|4.123
3498|3.753
3499|3.461
3500|3.694
3501|4.121
3502|4.423
3503|4.046
3504|3.556
3505|3.595
3506|4.222
3507|3.214
3508|3.750
3509|3.034
3510|3.755
3511|3.854
3512|3.581
3513|3.351
3514|3.950
3515|3.873
3516|3.200
3517|3.856
3518|3.803
3519|3.039
3520|3.710
3521|3.767
3522|4.020
3523|3.871
3524|3.533
3525|3.423
3526|2.789
3527|3.516
3528|2.640
3529|3.000
3530|3.533
3531|4.180
3532|3.769
3533|3.589
3534|4.070
3535|3.957
3536|3.786
3537|2.400
3538|3.800
3539|4.041
3540|4.090
3541|4.296
3542|3.059
3543|3.506
3544|4.348
3545|3.545
3546|3.352
3547|3.498
3548|2.500
3549|3.862
3550|3.470
3551|3.928
3552|3.067
3553|4.000
3554|3.615
3555|3.107
3556|3.888
3557|3.834
3558|4.285
3559|4.424
3560|4.440
3561|3.947
3562|3.364
3563|3.804
3564|3.207
3565|3.171
3566|3.750
3567|3.873
3568|3.852
3569|2.894
3570|3.000
3571|3.325
3572|4.205
3573|3.571
3574|3.601
3575|3.267
3576|3.303
3577|3.790
3578|3.352
3579|3.265
3580|4.018
3581|3.222
3582|3.623
3583|4.261
3584|3.019
3585|3.694
3586|3.400
3587|4.471
3588|3.989
3589|2.480
3590|4.138
3591|3.596
3592|4.323
3593|3.314
3594|3.432
3595|4.000
3596|4.676
3597|4.000
3598|1.020
3599|3.471
3600|3.679
3601|4.103
3602|3.647
3603|2.779
3604|4.667
3605|3.758
3606|4.148
3607|3.420
3608|3.765
3609|3.165
3610|2.295
3611|4.049
3612|3.620
3613|3.818
3614|3.288
3615|3.468
3616|3.812
3617|3.486
3618|3.004
3619|3.600
3620|2.892
3621|3.083
3622|3.890
3623|3.647
3624|3.993
3625|3.248
3626|3.572
3627|3.464
3628|3.583
3629|4.061
3630|3.215
3631|3.839
3632|3.435
3633|4.133
3634|3.000
3635|4.238
3636|3.667
3637|2.981
3638|3.434
3639|2.956
3640|3.948
3641|3.584
3642|2.375
3643|3.371
3644|3.906
3645|3.964
3646|4.068
3647|3.769
3648|3.038
3649|4.200
3650|3.539
3651|3.920
3652|3.429
3653|4.170
3654|3.244
3655|3.840
3656|2.968
3657|4.233
3658|3.948
3659|4.145
3660|3.652
3661|3.960
3662|3.186
3663|3.417
3664|3.056
3665|3.820
3666|4.182
3667|4.047
3668|3.833
3669|3.152
3670|3.556
3671|4.181
3672|3.377
3673|3.870
3674|3.639
3675|3.487
3676|3.650
3677|4.027
3678|3.072
3679|3.583
3680|3.909
3681|3.884
3682|4.486
3683|3.093
3684|4.270
3685|4.061
3686|4.322
3687|2.901
3688|4.403
3689|2.956
3690|2.941
3691|3.651
3692|3.875
3693|3.443
3694|3.833
3695|3.971
3696|3.916
3697|3.907
3698|2.901
3699|4.667
3700|4.000
3701|3.716
3702|3.811
3703|3.103
3704|4.440
3705|3.698
3706|3.984
3707|3.775
3708|3.704
3709|3.292
3710|3.782
3711|4.200
3712|3.595
3713|3.693
3714|2.774
3715|3.663
3716|3.534
3717|3.715
3718|3.619
3719|3.607
3720|3.424
3721|3.631
3722|3.875
3723|4.323
3724|3.474
3725|3.500
3726|3.406
3727|3.185
3728|3.863
3729|3.785
3730|3.652
3731|2.606
3732|3.367
3733|3.695
3734|3.103
3735|3.592
3736|3.485
3737|3.899
3738|4.520
3739|3.412
3740|4.297
3741|3.570
3742|3.747
3743|3.560
3744|3.893
3745|3.236
3746|3.734
3747|4.059
3748|3.720
3749|3.638
3750|3.387
3751|3.357
3752|3.435
3753|3.744
3754|3.630
3755|4.474
3756|3.870
3757|4.231
3758|3.051
3759|4.037
3760|3.786
3761|4.154
3762|2.606
3763|3.874
3764|3.714
3765|3.857
3766|3.040
3767|3.312
3768|3.328
3769|4.245
3770|3.943
3771|2.608
3772|3.842
3773|3.427
3774|3.977
3775|3.689
3776|3.879
3777|3.620
3778|2.709
3779|3.591
3780|4.264
3781|4.531
3782|4.216
3783|3.947
3784|3.844
3785|3.259
3786|3.960
3787|3.867
3788|3.632
3789|4.175
3790|4.354
3791|3.300
3792|3.553
3793|2.849
3794|3.143
3795|4.000
3796|3.975
3797|3.381
3798|3.696
3799|3.980
3800|3.429
3801|3.766
3802|3.353
3803|3.647
3804|3.537
3805|3.793
3806|2.895
3807|3.390
3808|2.965
3809|4.351
3810|4.358
3811|3.735
3812|3.473
3813|4.453
3814|3.536
3815|4.305
3816|3.909
3817|3.476
3818|4.081
3819|3.979
3820|4.400
3821|2.892
3822|3.333
3823|3.933
3824|2.990
3825|2.911
3826|3.773
3827|3.703
3828|3.848
3829|2.989
3830|4.037
3831|3.289
3832|4.093
3833|3.667
3834|4.272
3835|4.444
3836|3.371
3837|3.731
3838|3.368
3839|3.257
3840|4.111
3841|3.325
3842|3.725
3843|2.654
3844|4.000
3845|4.136
3846|3.800
3847|2.673
3848|4.161
3849|3.094
3850|3.850
3851|3.029
3852|4.467
3853|4.235
3854|3.985
3855|3.737
3856|4.000
3857|3.791
3858|4.279
3859|3.389
3860|3.632
3861|3.938
3862|3.923
3863|3.579
3864|4.478
3865|2.756
3866|3.537
3867|4.091
3868|3.402
3869|2.923
3870|3.800
3871|3.330
3872|4.447
3873|3.557
3874|3.835
3875|3.710
3876|3.514
3877|4.294
3878|3.930
3879|3.222
3880|3.467
3881|3.562
3882|3.660
3883|3.000
3884|2.767
3885|3.650
3886|3.639
3887|3.290
3888|3.725
3889|4.226
3890|4.143
3891|4.152
3892|3.381
3893|2.615
3894|3.693
3895|3.250
3896|3.068
3897|4.250
3898|3.750
3899|3.610
3900|3.550
3901|3.508
3902|4.901
3903|3.299
3904|3.841
3905|3.844
3906|3.627
3907|3.488
3908|3.638
3909|3.371
3910|3.606
3911|3.368
3912|4.450
3913|3.639
3914|3.556
3915|3.722
3916|3.820
3917|3.628
3918|3.150
3919|4.055
3920|4.170
3921|3.912
3922|2.810
3923|3.671
3924|3.918
3925|3.860
3926|3.843
3927|3.903
3928|3.000
3929|2.998
3930|4.245
3931|3.511
3932|3.760
3933|4.000
3934|2.580
3935|3.388
3936|4.370
3937|4.276
3938|4.213
3939|3.842
3940|3.641
3941|3.051
3942|2.622
3943|4.137
3944|3.462
3945|3.422
3946|3.630
3947|4.049
3948|3.333
3949|3.831
3950|3.309
3951|3.538
3952|3.913
3953|3.572
3954|3.382
3955|3.446
3956|3.923
3957|3.868
3958|3.550
3959|2.842
3960|4.045
3961|3.432
3962|3.527
3963|4.047
3964|3.824
3965|3.801
3966|3.714
3967|2.739
3968|3.657
3969|3.600
3970|3.233
3971|3.500
3972|3.684
3973|3.625
3974|3.765
3975|3.658
3976|3.544
3977|3.870
3978|4.371
3979|4.156
3980|2.935
3981|3.543
3982|3.585
3983|3.388
3984|3.588
3985|3.568
3986|3.949
3987|3.111
3988|3.681
3989|3.983
3990|3.985
3991|3.459
3992|3.766
3993|3.100
3994|4.054
3995|3.515
3996|4.112
3997|3.546
3998|2.826
3999|3.125
4000|3.745
4001|3.372
4002|3.809
4003|3.848
4004|2.676
4005|3.759
4006|3.557
4007|2.828
4008|2.789
4009|2.838
4010|3.526
4011|3.425
4012|3.432
4013|2.816
4014|3.743
4015|3.627
4016|3.007
4017|3.290
4018|3.643
4019|3.947
4020|3.373
4021|3.804
4022|3.006
4023|3.217
4024|3.144
4025|3.955
4026|3.377
4027|4.325
4028|3.445
4029|3.852
4030|3.495
4031|4.075
4032|4.262
4033|3.730
4034|4.314
4035|3.978
4036|3.440
4037|3.833
4038|4.000
4039|3.881
4040|2.953
4041|3.299
4042|3.357
4043|3.642
4044|4.184
4045|3.571
4046|3.552
4047|4.400
4048|3.756
4049|3.261
4050|4.254
4051|2.924
4052|4.259
4053|3.409
4054|3.628
4055|2.812
4056|2.000
4057|3.433
4058|3.403
4059|3.257
4060|3.814
4061|3.167
4062|3.389
4063|3.809
4064|3.072
4065|4.062
4066|3.187
4067|2.762
4068|4.067
4069|3.708
4070|3.570
4071|3.886
4072|3.665
4073|3.632
4074|3.700
4075|3.744
4076|4.132
4077|3.901
4078|3.311
4079|3.777
4080|4.152
4081|3.950
4082|3.929
4083|2.904
4084|4.261
4085|3.609
4086|4.421
4087|2.936
4088|3.220
4089|3.758
4090|3.833
4091|3.277
4092|4.158
4093|4.296
4094|4.126
4095|3.694
4096|3.293
4097|3.696
4098|3.879
4099|3.738
4100|4.136
4101|3.573
4102|2.704
4103|3.371
4104|3.488
4105|2.706
4106|2.727
4107|3.982
4108|4.360
4109|3.263
4110|4.500
4111|3.571
4112|4.062
4113|3.385
4114|3.774
4115|3.828
4116|3.793
4117|4.092
4118|4.036
4119|3.512
4120|3.368
4121|3.822
4122|3.502
4123|3.381
4124|3.389
4125|2.686
4126|3.503
4127|3.718
4128|3.923
4129|4.043
4130|3.620
4131|4.020
4132|3.810
4133|3.085
4134|3.543
4135|4.231
4136|4.419
4137|3.881
4138|3.922
4139|3.754
4140|3.119
4141|3.822
4142|3.000
4143|4.579
4144|3.252
4145|3.947
4146|4.053
4147|4.333
4148|3.747
4149|3.902
4150|3.298
4151|3.571
4152|3.635
4153|3.622
4154|4.444
4155|3.592
4156|3.738
4157|3.295
4158|3.778
4159|4.176
4160|3.221
4161|2.455
4162|4.110
4163|3.450
4164|3.500
4165|3.850
4166|4.000
4167|3.620
4168|4.342
4169|3.560
4170|3.864
4171|3.462
4172|4.382
4173|3.909
4174|4.161
4175|3.918
4176|4.529
4177|4.281
4178|3.867
4179|4.453
4180|3.477
4181|3.058
4182|4.250
4183|2.945
4184|3.100
4185|3.317
4186|2.871
4187|4.509
4188|3.200
4189|4.654
4190|3.304
4191|4.200
4192|3.133
4193|3.620
4194|4.065
4195|4.388
4196|3.652
4197|4.222
4198|3.718
4199|3.865
4200|3.949
4201|4.474
4202|3.833
4203|3.965
4204|4.435
4205|3.500
4206|4.216
4207|4.249
4208|4.158
4209|3.778
4210|3.817
4211|3.053
4212|3.683
4213|4.073
4214|3.903
4215|4.013
4216|3.905
4217|4.010
4218|3.562
4219|3.818
4220|3.525
4221|4.197
4222|3.897
4223|3.392
4224|3.866
4225|3.660
4226|3.966
4227|2.770
4228|3.333
4229|3.600
4230|4.000
4231|3.333
4232|3.732
4233|3.766
4234|3.921
4235|3.740
4236|4.025
4237|3.837
4238|3.479
4239|4.167
4240|4.038
4241|4.179
4242|3.856
4243|4.062
4244|3.800
4245|3.589
4246|3.821
4247|3.200
4248|3.672
4249|3.171
4250|3.920
4251|3.532
4252|3.265
4253|3.456
4254|4.421
4255|4.281
4256|3.857
4257|3.261
4258|3.743
4259|4.000
4260|3.162
4261|3.231
4262|3.733
4263|3.733
4264|4.250
4265|3.850
4266|3.255
4267|3.345
4268|3.279
4269|3.845
4270|3.368
4271|2.995
4272|3.456
4273|4.654
4274|2.926
4275|3.708
4276|3.708
4277|4.146
4278|3.929
4279|3.373
4280|3.543
4281|3.607
4282|3.435
4283|3.771
4284|2.742
4285|3.794
4286|3.679
4287|3.722
4288|4.000
4289|3.878
4290|4.044
4291|3.560
4292|3.145
4293|4.515
4294|3.176
4295|2.323
4296|3.755
4297|4.351
4298|4.291
4299|4.063
4300|3.548
4301|4.156
4302|3.898
4303|3.709
4304|4.211
4305|3.743
4306|3.569
4307|3.778
4308|3.217
4309|3.790
4310|3.852
4311|2.947
4312|3.300
4313|4.066
4314|3.769
4315|3.878
4316|3.419
4317|3.650
4318|3.856
4319|3.825
4320|4.281
4321|3.956
4322|3.441
4323|3.578
4324|4.346
4325|3.000
4326|3.634
4327|4.202
4328|3.665
4329|3.482
4330|3.625
4331|3.679
4332|3.467
4333|3.978
4334|3.680
4335|3.401
4336|3.990
4337|4.101
4338|3.320
4339|3.654
4340|3.947
4341|3.654
4342|4.251
4343|3.205
4344|3.356
4345|3.510
4346|3.559
4347|3.536
4348|4.053
4349|2.048
4350|3.786
4351|3.985
4352|3.499
4353|3.648
4354|3.649
4355|3.450
4356|3.686
4357|4.147
4358|4.000
4359|3.594
4360|2.530
4361|4.171
4362|2.913
4363|4.340
4364|3.308
4365|2.600
4366|3.519
4367|3.495
4368|3.654
4369|3.800
4370|3.532
4371|3.634
4372|4.053
4373|4.116
4374|4.356
4375|4.031
4376|3.783
4377|3.597
4378|3.141
4379|3.107
4380|3.667
4381|3.458
4382|2.952
4383|3.200
4384|3.965
4385|3.429
4386|3.607
4387|3.125
4388|3.826
4389|3.333
4390|3.077
4391|3.621
4392|3.474
4393|4.133
4394|3.538
4395|3.174
4396|3.632
4397|3.377
4398|4.000
4399|3.296
4400|4.150
4401|3.731
4402|3.833
4403|3.957
4404|3.074
4405|4.543
4406|4.047
4407|3.299
4408|3.827
4409|3.690
4410|4.190
4411|3.934
4412|3.370
4413|4.000
4414|3.041
4415|3.609
4416|3.954
4417|3.724
4418|3.902
4419|3.200
4420|3.974
4421|3.368
4422|3.448
4423|4.242
4424|4.462
4425|3.242
4426|3.695
4427|3.889
4428|3.782
4429|3.914
4430|2.549
4431|3.714
4432|4.074
4433|3.817
4434|3.658
4435|3.500
4436|3.608
4437|2.797
4438|3.504
4439|3.188
4440|3.866
4441|2.913
4442|3.341
4443|3.048
4444|3.746
4445|2.788
4446|3.134
4447|3.088
4448|4.200
4449|4.090
4450|2.781
4451|2.928
4452|3.684
4453|3.140
4454|2.661
4455|3.718
4456|3.915
4457|4.308
4458|3.348
4459|3.725
4460|3.348
4461|4.411
4462|3.333
4463|3.867
4464|3.312
4465|3.456
4466|3.753
4467|3.392
4468|4.119
4469|4.154
4470|4.132
4471|3.674
4472|3.439
4473|3.435
4474|4.107
4475|4.029
4476|3.611
4477|3.353
4478|3.317
4479|3.809
4480|3.147
4481|3.327
4482|3.811
4483|3.100
4484|4.046
4485|3.351
4486|1.075
4487|3.532
4488|2.837
4489|4.044
4490|3.597
4491|3.816
4492|4.056
4493|2.641
4494|4.220
4495|4.286
4496|3.905
4497|3.784
4498|3.033
4499|3.987
4500|2.864
4501|4.018
4502|3.900
4503|4.333
4504|4.211
4505|4.202
4506|3.967
4507|4.314
4508|3.121
4509|3.934
4510|2.840
4511|4.205
4512|3.850
4513|3.778
4514|3.393
4515|4.412
4516|4.395
4517|3.097
4518|4.627
4519|3.667
4520|3.762
4521|3.831
4522|3.450
4523|3.448
4524|3.290
4525|3.867
4526|3.681
4527|3.800
4528|3.367
4529|3.946
4530|3.614
4531|3.454
4532|4.029
4533|3.733
4534|3.656
4535|4.020
4536|4.222
4537|3.842
4538|3.355
4539|1.853
4540|3.745
4541|2.661
4542|3.773
4543|3.325
4544|3.921
4545|3.870
4546|4.103
4547|2.733
4548|3.000
4549|3.316
4550|3.409
4551|4.185
4552|3.692
4553|3.233
4554|3.500
4555|3.324
4556|3.330
4557|3.662
4558|4.500
4559|4.265
4560|3.570
4561|3.874
4562|3.577
4563|4.323
4564|3.950
4565|4.000
4566|3.577
4567|4.100
4568|3.626
4569|3.706
4570|3.333
4571|3.889
4572|3.878
4573|3.707
4574|3.821
4575|1.990
4576|3.895
4577|3.263
4578|3.785
4579|3.679
4580|3.881
4581|3.545
4582|4.194
4583|3.619
4584|4.551
4585|3.863
4586|4.000
4587|2.857
4588|4.000
4589|4.605
4590|3.821
4591|3.243
4592|3.279
4593|3.385
4594|4.107
4595|4.617
4596|3.311
4597|3.529
4598|3.821
4599|4.081
4600|3.662
4601|3.583
4602|3.533
4603|3.759
4604|3.033
4605|3.179
4606|3.476
4607|3.898
4608|3.800
4609|3.028
4610|3.205
4611|3.275
4612|3.548
4613|4.015
4614|4.125
4615|3.585
4616|4.074
4617|3.121
4618|3.500
4619|3.459
4620|3.810
4621|3.497
4622|3.611
4623|4.033
4624|4.062
4625|3.484
4626|3.558
4627|3.915
4628|3.533
4629|3.400
4630|3.957
4631|3.544
4632|3.932
4633|4.016
4634|4.815
4635|3.725
4636|1.789
4637|3.570
4638|2.931
4639|4.268
4640|2.736
4641|4.032
4642|3.692
4643|3.081
4644|3.430
4645|4.080
4646|3.129
4647|3.493
4648|3.897
4649|4.846
4650|2.948
4651|3.636
4652|4.308
4653|3.415
4654|4.143
4655|3.656
4656|3.891
4657|4.080
4658|2.372
4659|4.129
4660|4.094
4661|4.025
4662|2.813
4663|3.315
4664|4.200
4665|4.118
4666|3.466
4667|4.414
4668|4.360
4669|3.800
4670|3.463
4671|3.872
4672|3.500
4673|3.791
4674|4.040
4675|3.823
4676|3.769
4677|4.294
4678|3.588
4679|3.347
4680|3.704
4681|3.822
4682|3.590
4683|2.942
4684|3.647
4685|3.252
4686|4.486
4687|4.304
4688|3.857
4689|3.947
4690|3.797
4691|3.417
4692|3.423
4693|3.872
4694|4.182
4695|3.130
4696|3.857
4697|4.220
4698|3.762
4699|3.200
4700|3.357
4701|4.360
4702|4.029
4703|3.500
4704|2.370
4705|4.000
4706|3.395
4707|3.469
4708|3.846
4709|3.455
4710|3.926
4711|3.859
4712|2.966
4713|3.327
4714|3.612
4715|3.619
4716|4.278
4717|4.047
4718|4.073
4719|4.240
4720|4.162
4721|3.964
4722|4.000
4723|4.385
4724|4.154
4725|3.164
4726|3.637
4727|3.791
4728|3.489
4729|3.829
4730|3.857
4731|3.977
4732|3.715
4733|3.916
4734|4.162
4735|4.012
4736|3.358
4737|4.264
4738|3.503
4739|3.894
4740|3.875
4741|4.353
4742|3.492
4743|4.174
4744|4.096
4745|4.012
4746|3.526
4747|3.503
4748|4.248
4749|3.667
4750|4.020
4751|4.000
4752|4.211
4753|3.660
4754|3.682
4755|4.684
4756|3.571
4757|4.234
4758|3.579
4759|3.897
4760|3.800
4761|3.452
4762|4.000
4763|3.956
4764|4.194
4765|4.155
4766|3.485
4767|3.568
4768|4.228
4769|3.490
4770|3.769
4771|3.749
4772|4.228
4773|4.098
4774|4.310
4775|3.400
4776|4.316
4777|3.966
4778|4.250
4779|4.188
4780|4.218
4781|3.971
4782|3.677
4783|3.721
4784|4.052
4785|4.000
4786|3.781
4787|3.087
4788|3.417
4789|3.516
4790|3.401
4791|3.141
4792|3.842
4793|3.181
4794|4.296
4795|4.087
4796|3.588
4797|4.044
4798|3.421
4799|3.783
4800|3.257
4801|4.744
4802|4.127
4803|3.793
4804|2.649
4805|3.593
4806|3.953
4807|3.534
4808|3.286
4809|4.000
4810|3.197
4811|4.061
4812|3.188
4813|4.181
4814|3.527
4815|4.401
4816|4.195
4817|4.452
4818|4.077
4819|3.807
4820|3.393
4821|3.465
4822|3.364
4823|3.371
4824|3.762
4825|3.923
4826|3.785
4827|3.474
4828|3.646
4829|3.775
4830|3.626
4831|4.090
4832|3.712
4833|4.047
4834|3.637
4835|3.848
4836|3.608
4837|3.229
4838|3.806
4839|2.889
4840|3.754
4841|3.616
4842|4.091
4843|4.033
4844|3.870
4845|3.951
4846|3.478
4847|4.018
4848|3.953
4849|3.992
4850|3.966
4851|3.474
4852|3.814
4853|4.067
4854|3.786
4855|3.097
4856|3.698
4857|3.229
4858|4.044
4859|4.235
4860|3.947
4861|3.911
4862|3.507
4863|3.667
4864|4.192
4865|3.480
4866|4.034
4867|3.807
4868|3.727
4869|3.414
4870|3.696
4871|4.000
4872|3.500
4873|4.409
4874|4.375
4875|3.911
4876|4.000
4877|3.613
4878|3.588
4879|3.493
4880|3.562
4881|4.000
4882|4.049
4883|2.846
4884|3.884
4885|4.435
4886|3.975
4887|3.418
4888|4.335
4889|4.349
4890|3.522
4891|3.864
4892|3.232
4893|3.944
4894|4.000
4895|4.241
4896|3.031
4897|3.348
4898|4.183
4899|3.692
4900|4.111
4901|3.855
4902|3.645
4903|4.047
4904|4.551
4905|3.342
4906|3.917
4907|3.442
4908|4.055
4909|3.818
4910|3.615
4911|3.344
4912|3.882
4913|3.657
4914|3.780
4915|3.788
4916|2.111
4917|3.495
4918|3.450
4919|4.241
4920|4.256
4921|4.248
4922|3.836
4923|3.880
4924|4.031
4925|4.788
4926|3.444
4927|3.970
4928|3.297
4929|4.121
4930|3.934
4931|4.175
4932|3.830
4933|3.676
4934|3.175
4935|3.294
4936|4.000
4937|4.053
4938|3.483
4939|3.770
4940|3.947
4941|3.333
4942|3.618
4943|4.125
4944|4.412
4945|3.835
4946|3.805
4947|4.342
4948|3.222
4949|4.100
4950|3.588
4951|3.743
4952|3.772
4953|3.803
4954|3.340
4955|4.091
4956|3.837
4957|3.182
4958|3.506
4959|4.200
4960|4.153
4961|3.255
4962|3.838
4963|3.593
4964|3.584
4965|3.130
4966|3.684
4967|4.012
4968|4.318
4969|3.130
4970|3.522
4971|4.091
4972|3.411
4973|3.639
4974|3.227
4975|3.755
4976|3.348
4977|3.137
4978|3.667
4979|2.935
4980|3.594
4981|4.033
4982|4.517
4983|4.009
4984|3.399
4985|3.744
4986|4.333
4987|3.537
4988|3.850
4989|3.934
4990|4.312
4991|3.533
4992|3.750
4993|3.892
4994|4.224
4995|3.525
4996|3.955
4997|3.409
4998|4.079
4999|4.000
5000|4.325
5001|4.117
5002|3.408
5003|4.577
5004|3.875
5005|3.399
5006|4.457
5007|4.444
5008|4.156
5009|4.040
5010|4.098
5011|3.902
5012|3.400
5013|3.964
5014|3.383
5015|3.961
5016|3.026
5017|4.194
5018|4.005
5019|3.397
5020|3.724
5021|3.422
5022|4.296
5023|3.463
5024|3.820
5025|4.202
5026|2.914
5027|3.533
5028|3.667
5029|3.488
5030|3.909
5031|4.125
5032|3.890
5033|4.500
5034|4.000
5035|3.764
5036|2.974
5037|3.976
5038|3.671
5039|2.237
5040|3.898
5041|4.231
5042|3.486
5043|4.263
5044|4.128
5045|3.296
5046|3.667
5047|3.580
5048|4.352
5049|4.059
5050|4.030
5051|3.652
5052|4.188
5053|3.853
5054|3.368
5055|3.848
5056|4.471
5057|3.525
5058|4.351
5059|3.639
5060|4.094
5061|3.613
5062|4.105
5063|3.900
5064|4.177
5065|3.706
5066|4.269
5067|4.148
5068|4.047
5069|4.842
5070|3.569
5071|4.141
5072|4.191
5073|4.632
5074|3.419
5075|4.152
5076|3.379
5077|3.593
5078|3.915
5079|3.440
5080|3.909
5081|3.812
5082|3.805
5083|3.559
5084|2.892
5085|4.455
5086|3.938
5087|3.521
5088|4.250
5089|4.000
5090|4.128
5091|3.728
5092|4.054
5093|3.718
5094|4.489
5095|4.500
5096|3.523
5097|4.047
5098|3.197
5099|3.926
5100|4.188
5101|2.462
5102|4.504
5103|4.296
5104|4.093
5105|3.077
5106|3.915
5107|3.202
5108|3.395
5109|3.779
5110|4.316
5111|3.635
5112|3.067
5113|2.562
5114|3.807
5115|4.355
5116|4.250
5117|3.125
5118|3.116
5119|3.842
5120|3.734
5121|3.465
5122|4.611
5123|3.321
5124|3.593
5125|4.259
5126|3.965
5127|3.350
5128|3.960
5129|3.782
5130|4.273
5131|3.343
5132|4.348
5133|3.020
5134|3.787
5135|3.836
5136|3.702
5137|4.207
5138|3.287
5139|3.480
5140|3.430
5141|3.912
5142|3.559
5143|4.000
5144|3.800
5145|2.933
5146|3.130
5147|3.690
5148|3.829
5149|4.043
5150|3.786
5151|2.732
5152|3.190
5153|3.259
5154|4.192
5155|3.050
5156|4.255
5157|4.169
5158|3.871
5159|3.133
5160|4.130
5161|3.112
5162|3.571
5163|3.785
5164|4.186
5165|4.494
5166|4.261
5167|4.126
5168|4.467
5169|3.600
5170|4.220
5171|4.000
5172|3.514
5173|3.518
5174|4.062
5175|4.000
5176|3.639
5177|3.367
5178|3.696
5179|3.710
5180|4.323
5181|3.878
5182|3.782
5183|3.712
5184|3.942
5185|3.290
5186|3.776
5187|3.543
5188|3.859
5189|3.697
5190|3.971
5191|3.500
5192|3.412
5193|3.736
5194|3.455
5195|4.283
5196|3.143
5197|3.525
5198|2.978
5199|3.407
5200|4.061
5201|3.379
5202|3.440
5203|3.929
5204|4.324
5205|3.331
5206|4.000
5207|3.941
5208|4.116
5209|3.953
5210|3.824
5211|3.793
5212|4.613
5213|3.222
5214|2.458
5215|4.200
5216|3.133
5217|3.305
5218|4.200
5219|3.929
5220|3.362
5221|4.087
5222|3.196
5223|3.331
5224|3.077
5225|3.627
5226|3.773
5227|3.216
5228|3.895
5229|4.182
5230|3.709
5231|3.955
5232|3.365
5233|3.921
5234|3.888
5235|4.111
5236|3.578
5237|3.326
5238|3.353
5239|3.828
5240|4.148
5241|3.480
5242|3.078
5243|3.350
5244|3.889
5245|4.087
5246|3.883
5247|2.875
5248|3.575
5249|3.248
5250|3.519
5251|3.582
5252|4.255
5253|3.924
5254|3.531
5255|4.630
5256|3.335
5257|4.195
5258|4.000
5259|4.222
5260|3.539
5261|3.317
5262|2.941
5263|3.670
5264|3.693
5265|3.907
5266|3.957
5267|3.587
5268|3.103
5269|3.305
5270|3.790
5271|3.636
5272|3.167
5273|3.947
5274|3.158
5275|4.093
5276|3.508
5277|3.346
5278|3.535
5279|3.775
5280|3.550
5281|3.879
5282|3.172
5283|3.573
5284|3.948
5285|3.914
5286|3.924
5287|3.651
5288|3.647
5289|3.939
5290|4.103
5291|4.308
5292|3.792
5293|3.864
5294|4.024
5295|3.529
5296|4.309
5297|3.957
5298|3.085
5299|2.818
5300|4.169
5301|3.342
5302|3.505
5303|3.971
5304|3.519
5305|3.898
5306|3.394
5307|3.578
5308|3.516
5309|3.733
5310|3.974
5311|3.417
5312|3.882
5313|4.186
5314|3.667
5315|4.259
5316|3.774
5317|4.071
5318|3.671
5319|3.803
5320|2.444
5321|3.100
5322|3.914
5323|3.745
5324|3.928
5325|3.289
5326|2.422
5327|3.869
5328|3.690
5329|4.177
5330|3.347
5331|3.270
5332|4.328
5333|3.548
5334|2.000
5335|3.960
5336|4.378
5337|4.262
5338|3.831
5339|3.733
5340|3.585
5341|3.710
5342|3.843
5343|4.714
5344|3.643
5345|3.643
5346|3.837
5347|3.205
5348|3.513
5349|4.078
5350|2.880
5351|4.000
5352|3.683
5353|3.798
5354|3.639
5355|3.646
5356|3.719
5357|3.895
5358|4.053
5359|3.708
5360|3.467
5361|3.537
5362|3.192
5363|4.312
5364|3.922
5365|3.782
5366|3.556
5367|2.713
5368|3.346
5369|3.764
5370|2.667
5371|4.100
5372|4.036
5373|3.960
5374|3.658
5375|4.522
5376|3.750
5377|3.676
5378|3.708
5379|3.862
5380|2.733
5381|3.895
5382|3.887
5383|4.182
5384|4.444
5385|4.056
5386|3.797
5387|3.582
5388|3.947
5389|3.398
5390|3.829
5391|3.333
5392|4.000
5393|3.210
5394|3.384
5395|3.771
5396|4.094
5397|3.316
5398|4.227
5399|4.021
5400|3.842
5401|4.103
5402|3.616
5403|3.519
5404|3.874
5405|3.663
5406|3.371
5407|4.333
5408|4.049
5409|3.375
5410|3.444
5411|2.632
5412|3.851
5413|4.154
5414|3.714
5415|3.581
5416|4.184
5417|3.057
5418|3.693
5419|3.775
5420|2.590
5421|3.873
5422|3.806
5423|4.000
5424|3.850
5425|3.889
5426|3.436
5427|4.594
5428|3.981
5429|3.794
5430|3.892
5431|3.929
5432|3.959
5433|2.974
5434|4.000
5435|4.167
5436|3.462
5437|3.694
5438|3.417
5439|3.882
5440|4.222
5441|3.872
5442|4.059
5443|4.107
5444|2.871
5445|3.815
5446|4.410
5447|4.308
5448|3.364
5449|4.125
5450|3.480
5451|4.160
5452|3.242
5453|3.655
5454|4.235
5455|3.598
5456|3.667
5457|3.623
5458|3.696
5459|3.944
5460|4.358
5461|4.158
5462|3.964
5463|3.892
5464|4.256
5465|3.412
5466|4.115
5467|3.619
5468|3.681
5469|4.143
5470|3.952
5471|3.895
5472|2.953
5473|4.063
5474|3.568
5475|4.080
5476|4.111
5477|3.632
5478|3.667
5479|3.651
5480|3.387
5481|3.419
5482|3.913
5483|3.966
5484|4.460
5485|3.780
5486|4.118
5487|4.297
5488|3.436
5489|4.109
5490|3.293
5491|3.650
5492|2.931
5493|3.341
5494|3.937
5495|4.042
5496|3.806
5497|4.017
5498|3.894
5499|4.564
5500|3.872
5501|3.217
5502|3.695
5503|3.914
5504|4.128
5505|3.973
5506|3.711
5507|3.257
5508|3.797
5509|3.463
5510|4.000
5511|4.123
5512|4.109
5513|4.192
5514|4.032
5515|3.514
5516|3.982
5517|4.096
5518|3.867
5519|3.365
5520|3.909
5521|4.073
5522|3.887
5523|3.777
5524|3.780
5525|4.067
5526|3.784
5527|3.609
5528|4.373
5529|4.375
5530|3.065
5531|3.915
5532|3.444
5533|4.067
5534|4.314
5535|3.584
5536|2.937
5537|4.392
5538|3.885
5539|3.768
5540|3.839
5541|4.000
5542|4.589
5543|3.625
5544|3.784
5545|4.355
5546|3.481
5547|3.562
5548|3.425
5549|3.385
5550|3.666
5551|3.098
5552|3.116
5553|3.648
5554|3.663
5555|3.135
5556|3.302
5557|4.212
5558|2.558
5559|4.258
5560|4.138
5561|2.960
5562|3.492
5563|3.633
5564|3.286
5565|4.041
5566|3.941
5567|3.429
5568|4.007
5569|3.440
5570|3.842
5571|3.522
5572|3.855
5573|3.788
5574|3.739
5575|2.949
5576|3.987
5577|3.261
5578|4.000
5579|4.158
5580|3.876
5581|4.345
5582|4.574
5583|3.926
5584|3.667
5585|3.862
5586|3.955
5587|3.860
5588|3.793
5589|4.429
5590|3.500
5591|4.417
5592|4.000
5593|4.362
5594|4.175
5595|3.195
5596|4.079
5597|3.259
5598|3.887
5599|3.386
5600|3.868
5601|3.481
5602|4.033
5603|2.356
5604|3.517
5605|3.022
5606|3.947
5607|3.466
5608|3.737
5609|4.613
5610|4.226
5611|4.250
5612|3.107
5613|3.721
5614|3.792
5615|3.473
5616|3.932
5617|3.644
5618|3.859
5619|3.726
5620|3.451
5621|3.084
5622|4.118
5623|3.972
5624|3.284
5625|3.917
5626|4.420
5627|3.000
5628|3.778
5629|4.487
5630|4.252
5631|4.159
5632|3.596
5633|3.774
5634|3.715
5635|3.737
5636|3.206
5637|3.944
5638|3.469
5639|3.971
5640|3.407
5641|3.200
5642|3.564
5643|3.204
5644|4.017
5645|4.284
5646|3.735
5647|3.777
5648|3.634
5649|3.553
5650|2.809
5651|3.871
5652|3.393
5653|3.923
5654|3.840
5655|3.753
5656|3.045
5657|4.082
5658|4.131
5659|3.479
5660|3.704
5661|3.929
5662|3.845
5663|3.631
5664|3.908
5665|4.083
5666|3.560
5667|3.878
5668|4.000
5669|3.000
5670|4.281
5671|4.460
5672|3.500
5673|3.907
5674|4.062
5675|3.808
5676|2.802
5677|3.531
5678|3.745
5679|4.407
5680|4.055
5681|3.731
5682|3.757
5683|3.701
5684|3.496
5685|3.710
5686|2.043
5687|3.672
5688|3.570
5689|3.621
5690|4.421
5691|4.194
5692|3.938
5693|3.472
5694|4.211
5695|3.125
5696|4.526
5697|3.700
5698|3.653
5699|3.201
5700|3.900
5701|3.789
5702|3.839
5703|4.000
5704|4.230
5705|3.725
5706|3.878
5707|4.278
5708|3.101
5709|3.838
5710|3.525
5711|3.574
5712|3.576
5713|3.500
5714|3.646
5715|3.701
5716|3.935
5717|3.772
5718|4.091
5719|3.000
5720|2.795
5721|3.816
5722|3.700
5723|3.472
5724|4.104
5725|3.733
5726|3.805
5727|3.325
5728|3.477
5729|4.327
5730|3.167
5731|4.277
5732|3.606
5733|4.063
5734|3.934
5735|3.889
5736|4.217
5737|3.612
5738|3.167
5739|4.125
5740|2.500
5741|3.108
5742|4.108
5743|4.261
5744|3.943
5745|3.719
5746|3.569
5747|3.222
5748|3.977
5749|3.655
5750|3.653
5751|3.592
5752|3.780
5753|4.364
5754|3.113
5755|3.640
5756|3.933
5757|4.098
5758|3.880
5759|3.715
5760|3.440
5761|3.157
5762|3.878
5763|3.501
5764|4.140
5765|3.393
5766|3.773
5767|3.674
5768|4.712
5769|3.886
5770|4.342
5771|3.392
5772|2.765
5773|3.478
5774|3.535
5775|3.671
5776|3.705
5777|3.960
5778|4.096
5779|3.476
5780|3.778
5781|3.571
5782|3.692
5783|3.968
5784|3.524
5785|4.330
5786|3.466
5787|3.739
5788|2.686
5789|3.889
5790|3.703
5791|4.062
5792|3.656
5793|4.130
5794|3.800
5795|3.076
5796|3.684
5797|3.546
5798|3.753
5799|3.750
5800|3.389
5801|3.949
5802|4.161
5803|2.731
5804|3.438
5805|4.150
5806|3.886
5807|3.791
5808|4.245
5809|3.773
5810|3.812
5811|3.439
5812|3.615
5813|3.710
5814|4.000
5815|4.000
5816|3.560
5817|4.100
5818|3.400
5819|3.565
5820|3.447
5821|3.960
5822|3.661
5823|4.072
5824|3.257
5825|4.117
5826|3.656
5827|3.713
5828|2.733
5829|3.793
5830|3.854
5831|3.718
5832|4.097
5833|4.000
5834|3.609
5835|4.167
5836|3.667
5837|3.916
5838|3.831
5839|4.500
5840|3.652
5841|4.131
5842|4.000
5843|2.693
5844|3.926
5845|4.324
5846|4.367
5847|4.021
5848|3.740
5849|3.943
5850|1.891
5851|4.062
5852|3.525
5853|3.500
5854|3.453
5855|3.975
5856|3.686
5857|3.264
5858|4.006
5859|4.000
5860|3.857
5861|3.785
5862|4.560
5863|3.750
5864|4.194
5865|3.341
5866|3.960
5867|3.640
5868|4.208
5869|3.600
5870|4.065
5871|4.228
5872|3.390
5873|4.346
5874|3.569
5875|3.882
5876|3.944
5877|3.824
5878|3.646
5879|3.953
5880|3.227
5881|3.578
5882|3.742
5883|3.500
5884|3.823
5885|4.083
5886|3.270
5887|3.569
5888|3.225
5889|3.932
5890|3.894
5891|3.565
5892|4.110
5893|3.220
5894|3.879
5895|3.500
5896|2.518
5897|3.929
5898|3.783
5899|3.312
5900|3.333
5901|3.304
5902|3.667
5903|3.770
5904|3.467
5905|3.612
5906|3.929
5907|3.974
5908|4.134
5909|3.435
5910|3.738
5911|3.824
5912|3.576
5913|3.885
5914|3.852
5915|3.702
5916|3.172
5917|3.973
5918|4.278
5919|3.000
5920|3.912
5921|3.528
5922|3.609
5923|3.704
5924|3.577
5925|3.841
5926|3.780
5927|3.715
5928|3.526
5929|3.512
5930|4.320
5931|3.525
5932|3.368
5933|4.406
5934|4.043
5935|3.679
5936|4.571
5937|3.370
5938|3.887
5939|4.125
5940|3.333
5941|3.800
5942|4.022
5943|4.157
5944|2.261
5945|4.111
5946|3.716
5947|3.062
5948|4.233
5949|3.507
5950|3.072
5951|3.929
5952|4.359
5953|4.000
5954|3.305
5955|3.632
5956|3.389
5957|3.518
5958|3.888
5959|2.727
5960|3.828
5961|3.102
5962|4.579
5963|3.517
5964|3.765
5965|3.200
5966|3.255
5967|3.765
5968|4.346
5969|3.486
5970|3.943
5971|3.592
5972|3.728
5973|4.321
5974|3.419
5975|3.884
5976|3.380
5977|4.000
5978|3.210
5979|3.808
5980|3.592
5981|3.700
5982|3.980
5983|4.045
5984|4.696
5985|3.734
5986|4.432
5987|3.383
5988|3.270
5989|3.902
5990|3.474
5991|3.672
5992|3.491
5993|3.435
5994|4.274
5995|4.041
5996|3.824
5997|4.311
5998|3.278
5999|4.143
6000|3.257
6001|3.663
6002|4.101
6003|4.069
6004|3.400
6005|3.700
6006|3.192
6007|3.154
6008|3.519
6009|3.373
6010|3.996
6011|3.962
6012|3.000
6013|3.980
6014|3.976
6015|3.844
6016|3.227
6017|3.615
6018|3.583
6019|3.451
6020|4.382
6021|3.524
6022|3.895
6023|3.667
6024|4.120
6025|3.292
6026|3.594
6027|4.214
6028|3.459
6029|3.833
6030|3.989
6031|3.625
6032|4.157
6033|3.851
6034|4.000
6035|2.668
6036|3.300
6037|3.739
6038|4.000
6039|3.847
6040|3.619
